wavelength_nm,importance_psi,importance_delta,importance_total
300,0.00016415738700895855,1.4192529312687497e-05,0.00017834991632164604
301,0.0002928863953079526,9.899326666625556e-06,0.0003027857219745782
302,0.00036037291375313953,0.0003794867910760623,0.0007398597048292018
303,0.0002980632550155828,2.8180232503945246e-05,0.00032624348751952804
304,0.00030207778044002726,1.4870799219442029e-05,0.0003169485796594693
305,0.0004289927556760976,1.3097735752566799e-05,0.0004420904914286644
306,0.0004362948259552856,3.7878000268081204e-05,0.0004741728262233668
307,6.636797996110599e-05,2.1774373850269683e-05,8.814235381137568e-05
308,0.0006731820663198368,1.0519231846639738e-05,0.0006837012981664765
309,0.00010005198557188019,8.801465939651817e-06,0.000108853451511532
310,6.826027145509009e-06,7.120419266686207e-05,7.803021981237107e-05
311,3.944600486906602e-05,0.00024136349597901746,0.00028080950084808347
312,7.646261913964063e-06,1.4374188118626295e-06,9.083680725826693e-06
313,0.00033327665322572685,1.6569109821751363e-05,0.0003498457630474782
314,0.0002668854812315275,3.6594187139088516e-05,0.000303479668370616
315,0.0010382139139372408,6.393875873750771e-06,0.0010446077898109917
316,0.00016266050119232453,9.581815976158702e-06,0.00017224231716848323
317,0.00042982743415265326,0.00010803308295919512,0.0005378605171118484
318,1.1078759172211785e-06,6.604502471422975e-05,6.715290063145092e-05
319,0.000743048172251606,1.76573032280247e-05,0.0007607054754796308
320,0.0002535937083488077,6.30345389938099e-06,0.0002598971622481887
321,0.00046689792541533575,7.688697204587329e-07,0.0004676667951357945
322,0.00037601597710853677,4.027864707026976e-06,0.00038004384181556376
323,8.894255324133853e-06,2.5106190938666987e-05,3.400044626280084e-05
324,0.0004819229209930356,1.1590596633624768e-05,0.0004935135176266604
325,0.00041154877045930895,6.576433970710355e-05,0.0004773131101664125
326,2.653799440713974e-05,5.782347799255024e-06,3.232034220639477e-05
327,1.3101237326365326e-06,8.996352084334723e-06,1.0306475816971255e-05
328,5.943603549952605e-06,2.416588688290004e-06,8.360192238242609e-06
329,0.00041167498273529993,1.859837371120789e-05,0.00043027335644650784
330,2.904549026092037e-06,4.144817835141469e-06,7.049366861233506e-06
331,2.4705126745262453e-05,1.3708100715975097e-05,3.841322746123755e-05
332,1.7481544222460497e-05,1.0648272791849653e-05,2.812981701431015e-05
333,6.206706494201505e-06,1.4198884728110074e-05,2.0405591222311578e-05
334,9.897979016878834e-06,9.330643884039074e-06,1.9228622900917908e-05
335,1.274440537461269e-05,6.679944475149515e-05,7.954385012610784e-05
336,8.790055212904273e-07,5.185276639371444e-07,1.3975331852275717e-06
337,0.00029093877507811483,4.74114438399686e-06,0.00029567991946211167
338,0.0002157629286358352,1.3824871973496467e-06,0.00021714541583318486
339,0.0007691257234626658,1.3684397039576699e-06,0.0007704941631666235
340,0.0005516345063259731,7.777360940902445e-06,0.0005594118672668755
341,0.000635063483456477,3.0199117554140376e-05,0.0006652626010106174
342,0.0005282179381263037,0.00011532459717632485,0.0006435425353026286
343,0.0005250348785489549,8.09935016522268e-07,0.0005258448135654772
344,0.0008216000056211268,1.5393321922184745e-06,0.0008231393378133453
345,0.0002008344683107951,0.0007699425276264319,0.000970776995937227
346,2.9090110568265956e-06,1.664268657627398e-05,1.9551697633100576e-05
347,0.0003351078313588827,1.5666844297499788e-05,0.0003507746756563825
348,2.363343973026633e-06,1.4339237413906052e-05,1.6702581386932687e-05
349,7.4022571503162135e-06,9.019606132444186e-07,8.304217763560633e-06
350,0.00034872316541416745,2.3201477342521178e-07,0.0003489551801875927
351,0.0003255585291058924,8.048985117767422e-06,0.00033360751422365983
352,0.00042327366740240575,5.3658217991383335e-06,0.0004286394892015441
353,0.0003649937281377212,1.0941496814529323e-05,0.00037593522495225055
354,0.0004306837314988885,7.560971371241739e-07,0.00043143982863601266
355,1.9806719519951693e-05,0.00012051182019055622,0.0001403185397105079
356,0.0006226193481957837,2.222419305964484e-05,0.0006448435412554285
357,3.943580168196169e-06,0.0003209823628848959,0.00032492594305309205
358,0.0003680396069126279,2.1046771652030744e-05,0.00038908637856465865
359,0.0005525120030716906,7.717653396433228e-05,0.0006296885370360228
360,0.0004069381019391355,6.642451617801218e-06,0.0004135805535569367
361,4.164887627004505e-06,0.00021114391077589265,0.00021530879840289715
362,3.6591437342141412e-06,1.0278725456566608e-06,4.687016279870802e-06
363,0.00038636247207084884,2.1300122262231026e-05,0.00040766259433307986
364,1.391484224487628e-05,1.2213235130897899e-06,1.5136165757966071e-05
365,0.00017552273897826883,8.16250722764415e-05,0.0002571478112547103
366,3.61946373622847e-07,6.1060454519461285e-06,6.467991825568976e-06
367,8.732977766637414e-06,4.037609701248456e-06,1.277058746788587e-05
368,7.194191595460126e-06,4.92334062791723e-06,1.2117532223377355e-05
369,6.384919617305584e-06,5.124496619291934e-05,5.762988581022492e-05
370,0.00047466792998419085,2.154996714268548e-06,0.0004768229266984594
371,3.498104667470706e-05,0.00019162475670575778,0.00022660580338046483
372,1.4263893590429542e-05,1.8105029096976942e-06,1.6074396500127235e-05
373,0.0007082977487229666,9.053084759617186e-06,0.0007173508334825838
374,0.0005389128512272062,5.1690021430346596e-06,0.0005440818533702409
375,0.00013928862826047468,0.00010511047222553326,0.00024439910048600793
376,0.00028261551553123506,0.000830475864690784,0.001113091380222019
377,6.604882125979654e-05,0.000142035221004232,0.00020808404226402852
378,1.956396408189562e-05,2.8571922477312112e-05,4.813588655920773e-05
379,0.0002843808304387174,0.0008196900648139632,0.0011040708952526805
380,7.217077443483822e-05,0.00042404285418039625,0.0004962136286152344
381,2.5356863527605764e-05,0.000373928989443343,0.00039928585297094874
382,0.0012355598835122816,0.00023492545444261766,0.0014704853379548992
383,2.868300078739362e-05,0.0001504228937849128,0.0001791058945723064
384,6.441061270656118e-06,5.3391897304950426e-05,5.9832958575606545e-05
385,1.4631285960592248e-05,0.00010040795731743803,0.00011503924327803027
386,1.4320491965498223e-05,0.00020976266703205953,0.00022408315899755774
387,0.00038283682422857683,0.00025053976863212,0.0006333765928606969
388,0.0001422188297927952,0.00010108468153581778,0.000243303511328613
389,8.179934905643029e-05,0.00019171689659166203,0.0002735162456480923
390,9.833559706899014e-05,0.001611762500727152,0.0017100980977961422
391,8.279423295966681e-05,0.0009310342003207739,0.0010138284332804406
392,0.0015532853714476734,0.0009000481126314085,0.0024533334840790818
393,0.0003838210212304467,0.001635560804894331,0.0020193818261247777
394,0.005447295874254576,0.0007893607788875,0.006236656653142076
395,0.0012049524599838809,0.00022032125765045706,0.001425273717634338
396,0.0007205924502840581,4.849248910139461e-05,0.0007690849393854527
397,0.005984693278887628,0.00045278964407007916,0.006437482922957707
398,0.004755884150945867,0.00039861384700444334,0.00515449799795031
399,0.0005786546526312772,0.000501816065290297,0.0010804707179215742
400,0.0012081178604988715,0.00036342495753055517,0.0015715428180294267
401,0.0004969090150238223,0.0004897717978838742,0.0009866808129076964
402,0.00029424750411865196,0.0001613660632830469,0.00045561356740169887
403,0.00028127948672999724,0.0002769050249461563,0.0005581845116761535
404,0.0004788545925411683,0.0009183112159698803,0.0013971658085110486
405,0.00029304921426919503,0.0010759372304859458,0.0013689864447551407
406,6.81191286824007e-05,0.00043224728165689336,0.000500366410339294
407,6.086415900733753e-05,2.7579705868773345e-05,8.844386487611087e-05
408,0.0007623585131530343,5.253132598201232e-05,0.0008148898391350466
409,9.910065596429331e-05,4.065601961282099e-06,0.00010316625792557541
410,0.00016259541361217128,0.0001398152772241748,0.00030241069083634606
411,0.0002918984065351243,0.0018814670702832603,0.0021733654768183847
412,4.9408469170704096e-05,0.00038351653809224153,0.00043292500726294564
413,0.00023152723691569088,1.196410499125375e-05,0.00024349134190694463
414,0.0005273151264177369,0.0005838966300017786,0.0011112117564195155
415,4.3877093913711e-05,0.0003422070982987822,0.00038608419221249323
416,0.00047326747481412203,0.00039072880532698404,0.0008639962801411061
417,0.0012105058897190523,0.00032455066139437617,0.0015350565511134285
418,0.00306413382787405,3.4826298530859357e-05,0.003098960126404909
419,0.0023601967074231454,0.000797963656966183,0.0031581603643893283
420,0.0017359851690025908,4.6127148207657824e-05,0.0017821123172102487
421,0.003234205909972686,0.0007080786425059972,0.003942284552478683
422,0.001975359922759039,5.273741919271021e-05,0.0020280973419517494
423,0.0007062114274908098,8.30436870560045e-05,0.0007892551145468143
424,0.001966857850172305,2.4431610807783987e-05,0.001991289460980089
425,4.367421279669228e-05,0.00021541057053957156,0.00025908478333626383
426,0.0017126288122358278,1.1601366188226797e-05,0.0017242301784240546
427,9.863320948027896e-05,0.00019966877563875186,0.00029830198511903084
428,7.668007439392475e-05,2.9081707347576825e-05,0.00010576178174150158
429,0.0007173744576327381,0.0001131506730293096,0.0008305251306620477
430,0.0008865342604263936,3.13087656372196e-05,0.0009178430260636132
431,0.0038333131690360895,2.2973338411238236e-05,0.0038562865074473276
432,0.0028716569628935425,0.0002156107021000833,0.0030872676649936256
433,0.0042201209798811735,2.151716417685477e-05,0.004241638144058028
434,0.0052246803693462495,2.262102489968276e-05,0.005247301394245932
435,0.0029758203526738984,3.580744422955003e-06,0.0029794010970968536
436,0.008674095000821983,2.9826855574673583e-05,0.008703921856396657
437,0.002631045572606265,3.733576504260634e-05,0.0026683813376488716
438,0.00736980996200548,4.2225656944441646e-05,0.007412035618949922
439,0.0014024277777945934,3.026631459549138e-05,0.0014326940923900847
440,0.0018781306730310796,0.00029751479012644384,0.0021756454631575235
441,0.005773873605754681,4.0969483537157214e-05,0.005814843089291839
442,0.0010098142672436013,0.00013473940926864828,0.0011445536765122496
443,0.0014431700419470545,0.00013582382628690313,0.0015789938682339577
444,0.0005225619779952117,8.108885360191765e-05,0.0006036508315971293
445,0.006658763782144353,0.000271492054105044,0.006930255836249397
446,0.0008916982941348909,0.0001814167144064521,0.0010731150085413431
447,0.0018508570142383898,0.00013812463899177512,0.0019889816532301647
448,0.0010136361805104998,7.866396823626885e-05,0.0010923001487467686
449,0.002051252390932592,0.00028562903570593547,0.0023368814266385273
450,1.3070872999457059e-05,5.2539119012741685e-05,6.560999201219875e-05
451,0.0001921467768530575,0.00014694787745195444,0.00033909465430501193
452,6.13266671356349e-06,2.338213492363342e-05,2.951480163719691e-05
453,0.0007031408105759431,0.00012309122085420664,0.0008262320314301497
454,0.00022003168435698054,3.4090037435268956e-05,0.0002541217217922495
455,3.0230268381532408e-05,3.623351467243469e-05,6.64637830539671e-05
456,9.567089181298587e-06,0.00023938832804777912,0.0002489554172290777
457,0.00018163768916612956,4.139340145728269e-05,0.00022303109062341226
458,8.133740077944725e-05,0.0002253023459026509,0.00030663974668209814
459,0.0002371186376745359,7.854396075564752e-05,0.0003156625984301834
460,1.0571326817981594e-05,1.9679503802323602e-05,3.0250830620305196e-05
461,0.0001634362234684638,5.67356850997439e-05,0.0002201719085682077
462,2.6837925453067645e-05,1.7576646399335194e-05,4.441457185240284e-05
463,0.00025023474986474794,9.094083373715995e-05,0.0003411755836019079
464,2.200891526648514e-06,2.3781042871170337e-05,2.598193439781885e-05
465,0.002163319281498888,3.812333511905101e-05,0.002201442616617939
466,3.028757390562563e-05,2.4977621282715102e-05,5.526519518834073e-05
467,3.4501540839170987e-06,6.639984882440145e-06,1.0090138966357244e-05
468,3.1114096514359575e-05,2.8471912976438053e-06,3.396128781200338e-05
469,0.00012203621177428032,1.1922357063367637e-06,0.0001232284474806171
470,7.318719555883481e-05,2.2393182457553004e-05,9.558037801638781e-05
471,0.00013164934230754915,1.5329867373947384e-05,0.00014697920968149655
472,3.347708145994654e-06,3.943008317279727e-05,4.2777791318791927e-05
473,9.446325611552628e-05,0.00015436235175207052,0.0002488256078675968
474,2.3313262159434574e-06,5.572225274206748e-06,7.903551490150205e-06
475,3.2602930097548456e-05,4.66211032215771e-05,7.922403331912556e-05
476,4.4128850114959075e-05,0.0003581577046799184,0.00040228655479487743
477,0.0001329002349988019,3.6393718449153294e-05,0.00016929395344795518
478,0.00015452359690229308,0.00010125196097274751,0.0002557755578750406
479,3.930965233989529e-06,0.0004681859333433039,0.00047211689857729343
480,0.00010766289740103192,0.00020402155518375544,0.00031168445258478736
481,9.100002255628517e-05,0.00016303960573428014,0.0002540396282905653
482,6.922718284855084e-06,3.696000171070124e-06,1.0618718455925208e-05
483,3.300115174675022e-06,7.696158754948779e-05,8.026170272416282e-05
484,5.395804576275958e-05,0.0002708976168575041,0.00032485566262026365
485,0.0001334715563134682,0.00020316821394277603,0.0003366397702562442
486,7.999017704243944e-05,1.7104874437232228e-06,8.170066448616266e-05
487,4.331129114930056e-06,0.00046200131335385206,0.0004663324424687821
488,0.0008770325583309321,4.955897446711602e-07,0.0008775281480756032
489,0.00016567301946038824,5.397026243638024e-05,0.00021964328189676849
490,9.197333630173063e-05,0.0001655285597002908,0.0002575018960020214
491,3.550357948225924e-05,4.2206708189360924e-06,3.972425030119533e-05
492,0.0002597396140636647,5.386597879284344e-06,0.00026512621194294905
493,8.741523290978566e-05,1.0047844972438224e-05,9.746307788222389e-05
494,1.993612121155811e-05,0.00017994696179291717,0.0001998830830044753
495,0.00012382035941642746,0.00014382195283974686,0.0002676423122561743
496,4.027465034396808e-05,0.0001909549156400195,0.00023122956598398757
497,1.5739627610442244e-06,9.351668727808113e-06,1.0925631488852337e-05
498,6.315624015396323e-05,6.792407619664513e-05,0.00013108031635060836
499,2.483989702975601e-05,0.00013736733982652616,0.00016220723685628216
500,2.531565988232204e-06,5.2686738284702135e-05,5.521830427293434e-05
501,8.666989232848364e-07,0.00032077968810603525,0.0003216463870293201
502,0.0001729231201951324,0.0006775466721267453,0.0008504697923218778
503,1.0146364300789009e-05,0.00017891125958146217,0.0001890576238822512
504,3.17501024099868e-06,3.3200302526267005e-05,3.637531276726568e-05
505,1.9426098873191464e-05,7.340930171768069e-06,2.6767029044959532e-05
506,6.474342310187462e-05,9.215294445088124e-06,7.395871754696275e-05
507,4.5943492633494406e-05,6.803555784525842e-06,5.2747048418020246e-05
508,2.997829145972947e-05,0.0002557572685974537,0.00028573556005718315
509,0.00025374791032972785,0.00013029496381006272,0.0003840428741397906
510,2.816986750572457e-06,1.7060294878995282e-05,1.987728162956774e-05
511,5.334942380194424e-05,0.00014964549880826266,0.0002029949226102069
512,0.00011698780439588146,8.270119455849618e-06,0.00012525792385173107
513,7.773999402826162e-06,2.435147743904808e-06,1.020914714673097e-05
514,6.137834443809321e-05,0.00016385128029500228,0.0002252296247330955
515,5.293463016217772e-05,3.620289787723254e-05,8.913752803941026e-05
516,1.2266852005717293e-05,2.9038342452278363e-06,1.5170686250945129e-05
517,8.847080578751443e-05,2.0377721914046312e-05,0.00010884852770156074
518,3.404792815648476e-05,4.0589809082274025e-05,7.46377372387588e-05
519,5.7523121795142126e-05,5.490367586018687e-06,6.301348938116081e-05
520,8.54321702902405e-05,2.184152334536258e-05,0.00010727369363560308
521,6.896373828878192e-06,2.4763674780643827e-05,3.166004860952202e-05
522,7.584957913487372e-06,0.00033348417499924794,0.00034106913291273534
523,0.0057215023990846246,0.00013740469208052778,0.005858907091165153
524,7.529617778738833e-05,3.3658919428644776e-06,7.866206973025281e-05
525,0.0046175273150703,2.763926808059063e-05,0.004645166583150891
526,0.004263982889316235,3.721640540180483e-05,0.004301199294718039
527,3.5027059799251892e-06,5.40697954371221e-06,8.909685523637399e-06
528,0.00017813419403392948,0.00011906429025986551,0.000297198484293795
529,0.004219145456785152,1.4277124481944182e-06,0.004220573169233346
530,6.804333759543055e-06,0.0003773886669664856,0.0003841930007260287
531,6.619842175940415e-05,1.563454362670101e-05,8.183296538610516e-05
532,2.0378883634170545e-05,1.6271191410916025e-06,2.2006002775262146e-05
533,4.829019399377117e-05,1.0441705702727214e-05,5.8731899696498384e-05
534,6.399207139794422e-05,3.539600082854308e-07,6.434603140622965e-05
535,4.3027632773604695e-06,1.157345204465154e-06,5.4601084818256235e-06
536,3.663909180527014e-05,9.32905140259547e-05,0.00012992960583122485
537,4.435012281696178e-07,3.7894709250896884e-05,3.83382104790665e-05
538,1.4259686555604481e-06,2.2966774142845243e-05,2.439274279840569e-05
539,4.910156024478936e-05,0.00014290218853080217,0.00019200374877559152
540,0.00016193319744284222,9.681075279244317e-06,0.00017161427272208653
541,7.334109644154755e-07,1.2986714790149247e-05,1.3720125754564723e-05
542,3.73294313208018e-05,1.01619083410399e-06,3.834562215490579e-05
543,2.7836517036327556e-06,1.859883000706957e-06,4.643534704339712e-06
544,3.8277680744814414e-05,0.00015923933018018887,0.00019751701092500328
545,4.354643017042242e-07,2.0895037485351556e-05,2.133050178705578e-05
546,1.292665142720631e-05,1.5157261787086712e-06,1.4442377605914981e-05
547,0.0001209123704009649,2.2951078981282964e-05,0.00014386344938224787
548,0.0002542081486509367,2.311493146026726e-06,0.0002565196417969634
549,4.223659793423757e-06,7.490892923221711e-06,1.171455271664547e-05
550,6.7264413768507995e-06,0.0004225121990722089,0.0004292386404490597
551,4.6309746721060475e-06,1.6692280534573015e-05,2.132325520667906e-05
552,6.201849706199303e-06,3.054611429043097e-05,3.6747963996630275e-05
553,6.792536468295502e-07,2.326505769443012e-05,2.394431134125967e-05
554,4.1665224251468765e-06,8.917838006563333e-06,1.308436043171021e-05
555,1.3337483408088311e-05,6.73187396217607e-05,8.0656223029849e-05
556,6.384065960895191e-06,1.5607104742476738e-05,2.199117070337193e-05
557,0.00010793014575409318,1.7351140611510073e-05,0.00012528128636560325
558,6.432392645944521e-06,7.39043324423607e-05,8.033672508830522e-05
559,4.350901690555034e-06,4.741597703887181e-05,5.176687872942685e-05
560,8.152721876781571e-06,2.280602866697346e-06,1.0433324743478917e-05
561,1.3452861729326777e-05,2.3378223915289836e-05,3.6831085644616616e-05
562,4.4436169767344655e-06,1.7268302444721267e-05,2.1711919421455734e-05
563,8.637096477207916e-05,4.75756099659365e-06,9.112852576867282e-05
564,4.5757893642552765e-06,5.983392535634456e-05,6.440971472059983e-05
565,9.79769578498243e-06,3.175631917867214e-05,4.155401496365457e-05
566,5.758197455681237e-06,7.93067251993959e-06,1.3688869975620826e-05
567,8.784101579697684e-06,1.6065951641245209e-06,1.0390696743822206e-05
568,2.926065963323116e-06,7.013840320733034e-05,7.306446917065346e-05
569,2.097847523297921e-06,1.8039229171256466e-05,2.0137076694554388e-05
570,6.190237488676501e-06,4.064031312488728e-06,1.0254268801165229e-05
571,1.7115866831064933e-05,8.861024407945248e-06,2.597689123901018e-05
572,1.0849867028788003e-05,0.00011537252102110292,0.00012622238804989094
573,1.1884861562876648e-05,4.6393627387868024e-05,5.827848895074467e-05
574,1.952010762029672e-05,3.3754395410925228e-06,2.2895547161389243e-05
575,4.483995192336059e-06,9.779188740272009e-05,0.00010227588259505614
576,5.617130263657644e-05,7.634707760328038e-05,0.0001325183802398568
577,2.1662083369142605e-06,2.1474278495087856e-05,2.3640486832002117e-05
578,2.7647941921193295e-06,0.00020533548333942375,0.0002081002775315431
579,4.3715985161967314e-05,0.00014009837204739017,0.0001838143572093575
580,0.00136438171901978,9.804612327982625e-06,0.0013741863313477625
581,8.262811367627622e-06,3.235004170298263e-05,4.061285307061025e-05
582,7.083551496326623e-06,0.0005389946141763701,0.0005460781656726968
583,1.389118598981032e-05,8.074813956404221e-06,2.1965999946214542e-05
584,2.996246693670331e-05,0.00022298696794808727,0.0002529494348847906
585,0.002437500723197533,1.0019572980768641e-05,0.002447520296178302
586,0.0023381280192587427,8.695110592616143e-05,0.0024250791251849042
587,0.0026941213486599246,1.9142276786014255e-05,0.002713263625445939
588,8.07195393110198e-06,0.00016532178574192079,0.00017339373967302277
589,9.441085091325477e-06,0.0022409719251834602,0.0022504130102747855
590,7.349842145100086e-07,3.770462632705319e-05,3.8439610541563204e-05
591,2.4514547195121702e-05,5.793548359135292e-05,8.245003078647463e-05
592,0.002169852058661678,0.004635265714112343,0.00680511777277402
593,1.1383663091560632e-05,1.4929070272002315e-06,1.2876570118760864e-05
594,2.4925331696214955e-05,2.0240277753984285e-05,4.516560945019924e-05
595,2.9834230880347243e-05,0.001858805756172169,0.0018886399870525162
596,3.7168324837816767e-06,3.134162937868049e-06,6.8509954216497255e-06
597,2.8364740075371613e-06,1.186325781476625e-05,1.4699731822303411e-05
598,1.04120741611713e-05,5.377418162555685e-05,6.418625578672815e-05
599,7.242843837931578e-06,0.00012657523654213587,0.00013381808038006744
600,1.8491335166385104e-05,0.0016612600150100318,0.0016797513501764169
601,0.0019637988916190235,3.603610107615146e-06,0.0019674025017266386
602,1.6932045494260788e-06,0.00010394456684701302,0.0001056377713964391
603,0.002286149566149002,0.0045269505471199276,0.00681310011326893
604,6.380773088771075e-05,4.65878957261451e-05,0.00011039562661385586
605,1.0029164642603116e-06,4.557304575037131e-06,5.560221039297443e-06
606,0.004457445223129127,4.115276550993386e-06,0.004461560499680121
607,5.868473114165031e-06,3.632561460957862e-05,4.219408772374365e-05
608,2.2919306944661957e-06,9.825578896244394e-06,1.211750959071059e-05
609,3.856662991209784e-06,0.0036103990971023962,0.003614255760093606
610,0.00010835820529051391,1.188115976354652e-05,0.00012023936505406044
611,1.6376137537332487e-06,0.00011278292576481525,0.0001144205395185485
612,4.381894445026595e-05,5.734059074571414e-06,4.955300352483737e-05
613,0.002708102169254775,0.00013715226165134263,0.002845254430906118
614,0.002512672503413794,1.2099900854554502e-05,0.002524772404268348
615,4.919875096961309e-06,0.00038377586763989053,0.00038869574273685183
616,0.0007466855738270621,0.00039754538190907887,0.001144230955736141
617,1.8139533940867804e-05,0.00041560544787200683,0.0004337449818128746
618,1.1299787085511795e-05,0.00029530328699793726,0.00030660307408344903
619,2.4026564104900195e-06,0.001627356846826712,0.001629759503237202
620,0.0008078871407323782,0.0010735862055408795,0.0018814733462732577
621,1.0431377714990298e-05,0.0009987657007515484,0.0010091970784665387
622,7.2367941801643536e-06,3.1850176845150376e-05,3.908697102531473e-05
623,5.976684863931942e-06,0.00039657917682404226,0.0004025558616879742
624,0.004708272386266704,0.00021143078958063812,0.004919703175847342
625,1.1209522352378161e-05,7.127155663744023e-05,8.248107898981839e-05
626,0.0017262273454547064,0.0007564648612516853,0.0024826922067063915
627,0.002504394110130799,7.99959053225364e-05,0.0025843900154533354
628,5.009215899195392e-06,0.0008349156815157596,0.000839924897414955
629,5.748451675322484e-06,0.00034311419338500896,0.00034886264506033145
630,4.8967282526197337e-05,0.0023655263737675986,0.002414493656293796
631,1.515738403508544e-06,0.0029008177505990486,0.002902333489002557
632,6.347029329462895e-07,0.0015614657660607204,0.0015621004689936667
633,6.42504833858551e-06,0.001706631226655281,0.0017130562749938666
634,3.7178196152435043e-07,0.0015861176596513166,0.0015864894416128409
635,2.0217455062979997e-05,0.0009809748751441064,0.0010011923302070864
636,6.949954970213594e-05,0.001481233903236657,0.001550733452938793
637,1.4442448834949325e-06,2.133293804027089e-06,3.5775386875220216e-06
638,2.1373380519035616e-05,0.0065225529079431625,0.006543926288462198
639,0.00011835969193044031,0.002000954020693123,0.0021193137126235633
640,1.657609125324255e-05,0.0011519839320759124,0.001168560023329155
641,0.00030961825587113076,0.0021238122788845696,0.0024334305347557005
642,1.0656766849595455e-05,0.005186518772325747,0.0051971755391753425
643,1.9607443130492963e-06,0.0015699493087187749,0.001571910053031824
644,0.003981717517230389,0.0012502662758931418,0.00523198379312353
645,0.0024627808727249387,0.0007072675058534449,0.0031700483785783834
646,0.0022811676909132226,6.77256895546791e-05,0.002348893380467902
647,7.12394719457903e-05,0.0016480920968157745,0.0017193315687615647
648,0.00351618006099753,0.0014357382618111455,0.004951918322808675
649,0.0021623628589104212,0.0010767927169205616,0.003239155575830983
650,0.0026010878706130107,6.670601561774615e-06,0.0026077584721747853
651,3.325939858195832e-06,0.006744181870047116,0.006747507809905312
652,0.0010032097325184822,0.0013758780684207494,0.002379087800939232
653,2.837735966477493e-06,0.001214208466172105,0.0012170462021385826
654,0.002275704307553662,0.000594529957985388,0.00287023426553905
655,0.005450209808760629,0.0009385812756261874,0.0063887910843868165
656,0.00199308977956543,1.075482789527262e-05,0.0020038446074607027
657,6.097220658879978e-06,0.0008902054839680488,0.0008963027046269288
658,0.001928063936618553,0.0006022853406990395,0.0025303492773175924
659,9.118521292703083e-05,0.0005373198345781792,0.0006285050475052101
660,0.0024479017241363986,3.471440699305783e-05,0.0024826161311294562
661,0.0012140118825054588,9.237858630234018e-06,0.0012232497411356928
662,1.6927823024263042e-05,0.0012632456895531065,0.0012801735125773696
663,0.0008669907653865861,0.0005811402764759675,0.0014481310418625536
664,3.4453227834395356e-05,0.009836907468560682,0.009871360696395078
665,0.005622885798793562,0.0002679791174040893,0.005890864916197652
666,0.0001941482288340019,0.0006061282624379305,0.0008002764912719324
667,0.002852574134243868,1.9241114465945654e-05,0.0028718152487098134
668,1.2310879782916772e-05,4.097974036921007e-05,5.3290620152126835e-05
669,9.297887109572413e-05,2.6077326492199824e-05,0.00011905619758792396
670,0.0021623810401942144,0.0001413448325001665,0.0023037258726943807
671,1.1629457058984756e-05,0.00034467819252023213,0.0003563076495792169
672,0.0016855936310751093,0.00031703574346678273,0.002002629374541892
673,0.0009322162078697301,0.0003117282903575929,0.001243944498227323
674,2.94104359445969e-06,0.00016885847515661086,0.00017179951875107054
675,6.630580573712243e-06,2.4384699606415757e-05,3.1015280180128e-05
676,0.0033966126682446847,0.001969881379394509,0.005366494047639194
677,6.023800923896495e-05,0.0008401952926548692,0.0009004333018938341
678,2.4225189753126746e-06,0.00020915105598033772,0.0002115735749556504
679,0.0026957864524283386,0.0002050260522978741,0.0029008125047262127
680,0.001987839737798318,0.00014244476462340735,0.0021302845024217254
681,0.00021065842567359296,0.00028584737023356173,0.0004965057959071547
682,2.1682867901498408e-05,0.0017987750525700799,0.0018204579204715782
683,1.4706531176519908e-05,0.0003135223713089014,0.00032822890248542126
684,1.9735088950151667e-05,0.0002633028233342368,0.0002830379122843885
685,0.0007304212707865429,0.00014989518718514676,0.0008803164579716897
686,2.279398551021914e-05,0.0003498575064324228,0.00037265149194264194
687,0.002780004221033261,0.0007321494082789385,0.0035121536293121996
688,3.713372025506456e-05,0.00030789358051495664,0.0003450273007700212
689,0.0025773187098605895,0.0001746539362462811,0.0027519726461068704
690,0.00024626392544416323,0.00019317530139578967,0.0004394392268399529
691,5.075638975070856e-05,0.0002064013612608058,0.00025715775101151436
692,0.00430299914668398,8.718985304685944e-05,0.0043901889997308395
693,3.51181765122085e-05,7.598640678824191e-05,0.00011110458330045042
694,0.0024096724794079993,0.0005216512961116616,0.002931323775519661
695,4.327390010274834e-06,0.00020051709012574301,0.00020484448013601784
696,1.8935254608258294e-06,0.00010307618829691934,0.00010496971375774517
697,0.0023657135313950705,0.00019170562891770643,0.002557419160312777
698,0.00011930784889644487,0.00018135823035320624,0.0003006660792496511
699,2.6387364572118656e-06,0.00020838026932881772,0.0002110190057860296
700,0.0022153538168908516,0.0005201516522819617,0.0027355054691728135
701,0.0008680640006452646,0.0002315600238208735,0.001099624024466138
702,0.004766303767673671,0.00011243966722688244,0.004878743434900553
703,5.085226652656205e-05,6.918210119921162e-05,0.00012003436772577367
704,0.002405588528965276,6.827875325931022e-05,0.002473867282224586
705,7.722554034260313e-06,3.534692429722979e-05,4.30694783314901e-05
706,8.904677887434947e-06,2.082401291042358e-05,2.972869079785853e-05
707,0.002948871518218428,0.00022732350129596725,0.003176195019514395
708,0.00015063748441247014,0.00014917692723195988,0.00029981441164443005
709,0.0022871880619363626,0.0013712163028096608,0.0036584043647460234
710,0.002375116802319894,2.0769556721767736e-05,0.0023958863590416617
711,0.0033350501054964167,9.992997943201737e-05,0.003434980084928434
712,5.520353704198447e-06,1.821756256145261e-05,2.3737916265651056e-05
713,0.002248852759231712,5.728722015077081e-06,0.0022545814812467892
714,8.796906660624616e-05,3.5341205294058465e-05,0.00012331027190030464
715,0.0001542377940016385,7.438408198172526e-07,0.00015498163482145574
716,0.00022500521856256038,1.7898242799562787e-05,0.00024290346136212316
717,0.0024543379620679795,5.489345399409934e-06,0.0024598273074673896
718,2.9603934736217107e-06,0.00010138887775618532,0.00010434927122980703
719,3.904570645814375e-07,0.00012252590592081618,0.0001229163629853976
720,0.00015342055244128654,4.9022576725037396e-05,0.00020244312916632394
721,0.0001019703812303111,0.00011908432649738493,0.00022105470772769604
722,7.915165760969656e-06,6.577940302197242e-05,7.369456878294208e-05
723,2.9455724865144838e-05,2.7991860455103622e-05,5.744758532024846e-05
724,0.0008915056202554524,7.725261852685106e-05,0.0009687582387823034
725,0.0025048721609959145,3.797437383755906e-05,0.0025428465348334736
726,0.00013301295275645411,0.00012721597232769535,0.00026022892508414946
727,0.0018649860884841713,4.075298727697888e-05,0.0019057390757611502
728,1.4401081916208327e-05,1.1549341026087299e-05,2.5950422942295627e-05
729,1.497134873989822e-05,5.675030201459504e-05,7.172165075449326e-05
730,0.00011806664384616077,4.001475552214124e-05,0.000158081399368302
731,0.003699028282107366,3.887605589955744e-05,0.0037379043380069235
732,6.187872405374386e-05,7.1223227374795005e-06,6.900104679122336e-05
733,6.98527775050084e-06,7.096220506076481e-05,7.794748281126565e-05
734,0.0018390254247073,2.1751850447379683e-05,0.0018607772751546795
735,0.009745834798787122,2.2880107236922665e-05,0.009768714906024044
736,0.002392013743899882,1.0274723306602653e-05,0.0024022884672064847
737,0.00469942314758536,3.11277950710517e-05,0.004730550942656412
738,0.002277738431353002,0.0002908052153212028,0.002568543646674205
739,1.8311561600653065e-05,2.0124621609348696e-06,2.0324023761587933e-05
740,2.223662634263299e-06,4.7687307017080635e-05,4.9910969651343934e-05
741,0.003167768098567782,3.633297928897452e-05,0.0032041010778567566
742,0.0010870138787703717,4.900147330724628e-06,0.0010919140261010964
743,1.5869467609799738e-05,2.749609307842744e-06,1.861907691764248e-05
744,1.0056498005215006e-05,0.00022889416225405746,0.00023895066025927248
745,0.002229345842505023,0.0003514043889562827,0.0025807502314613056
746,8.821438415719338e-06,1.759482633197267e-05,2.641626474769201e-05
747,2.069453982547309e-06,9.679020943099692e-06,1.1748474925647e-05
748,0.000517732672923833,4.1462095419256146e-05,0.0005591947683430892
749,0.0017976035743510457,9.24770884862142e-06,0.0018068512831996672
750,0.0003315041260993171,3.6621383191176104e-05,0.0003681255092904932
751,0.0033670357473942103,4.489092539533606e-05,0.0034119266727895463
752,0.00013947072528107537,1.9761595147488237e-05,0.0001592323204285636
753,0.00012167512642900935,8.167760428840736e-05,0.0002033527307174167
754,0.002473667764510361,0.00012559079623812003,0.002599258560748481
755,0.0017368312587086499,2.4429083132366547e-05,0.0017612603418410164
756,8.193245649733127e-06,0.0045865559684523695,0.004594749214102103
757,0.00012338189013031493,0.006320322507991808,0.006443704398122123
758,0.0025698602189839327,0.005200923373810939,0.007770783592794872
759,0.0026528143257205762,4.077611568481673e-05,0.002693590441405393
760,5.215111308491545e-06,2.6944949367402944e-05,3.216006067589449e-05
761,4.877709512357173e-05,5.3714204326802596e-05,0.00010249129945037432
762,0.000201112035637579,7.161315215183614e-05,0.0002727251877894151
763,5.99365139492762e-05,1.528872603270289e-05,7.522523998197908e-05
764,6.293993266289213e-06,0.009995703824851754,0.010001997818118044
765,6.851272226522302e-05,3.699797739067313e-05,0.00010551069965589615
766,0.0024950710933506048,2.038657023045748e-05,0.002515457663581062
767,0.002276696512449033,0.0004552377966568662,0.002731934309105899
768,0.0005285256156054401,0.00020972866503839144,0.0007382542806438316
769,0.0024889636673272528,0.0052192016234816185,0.007708165290808871
770,0.004346449651680891,9.732489608550824e-05,0.004443774547766399
771,3.7576792522485328e-06,0.07518899183016202,0.07519274950941426
772,0.0017845187351438335,0.016810842584596607,0.01859536131974044
773,2.642540185289435e-06,0.009769513627406256,0.009772156167591545
774,2.5133772811560356e-05,2.4302181918653612e-05,4.943595473021397e-05
775,0.00010167184512684182,0.011051528179955425,0.011153200025082266
776,9.525372789007697e-05,4.563144885229246e-05,0.00014088517674236943
777,0.00021487762579754414,0.005795202915912005,0.00601008054170955
778,3.1645836024685426e-05,2.7019736107110457e-05,5.866557213179589e-05
779,1.476490381536761e-05,0.005097219697598568,0.005111984601413936
780,4.667664776265636e-06,0.004437247726184102,0.004441915390960368
781,0.00013680193317761516,4.1561599350410106e-05,0.00017836353252802527
782,8.72095173249195e-06,0.00011633523213255817,0.00012505618386505013
783,0.00012549018558038387,0.004876622901229095,0.00500211308680948
784,0.0001346996914974776,0.09246729787523746,0.09260199756673493
785,0.0013866034770857578,0.12103922096018481,0.12242582443727057
786,0.0027667593988032185,0.005405559021541986,0.008172318420345204
787,6.134820770060621e-05,0.01529739185582408,0.015358740063524686
788,0.001991309282071418,0.006592841195050567,0.008584150477121985
789,0.0002548167060399286,0.006076271915679543,0.006331088621719471
790,0.0008775881440332918,0.0051737245255948664,0.006051312669628158
791,6.022336149660652e-05,0.001411626907768641,0.0014718502692652477
792,0.0022148925540392598,0.006885847342452289,0.00910073989649155
793,4.794148272586319e-06,0.01069641580459486,0.010701209952867446
794,5.944772074107794e-06,0.01894249427361304,0.018948439045687146
795,3.020901416472657e-05,0.00013936372695708038,0.00016957274112180693
796,4.881600864217045e-06,0.005586455680492331,0.0055913372813565475
797,0.0018070109778728076,0.010315698931240314,0.012122709909113122
798,0.00015154759938687044,0.00030104815280421063,0.0004525957521910811
799,1.7596103463188326e-05,0.005839077293776792,0.00585667339723998
800,0.0001793871454515816,0.0011188233239876014,0.001298210469439183
